index	Well	Run	datetime	Time since fertilisation (minutes)	label
563	1	564	2019-12-05 22:33:27	6318.458283380605	unknown
1866	3	353	2019-12-04 05:21:53	3846.893716659397	unknown
1111	2	355	2019-12-04 05:42:41	3867.6910334452987	unknown
4056	6	272	2019-12-03 15:17:09	3002.1648834238295	unknown
1521	3	8	2019-12-01 15:05:33	110.5544334242586	unknown
4014	6	230	2019-12-03 07:40:50	2545.8355167810805	unknown
701	1	702	2019-12-06 22:33:27	7758.457000048365	unknown
271	1	272	2019-12-03 15:16:51	3001.8523667100817	unknown
4080	6	296	2019-12-03 19:27:31	3252.516766707413	unknown
4350	6	566	2019-12-05 22:53:32	6338.533666720614	unknown
380	1	381	2019-12-04 10:28:10	4153.174050094094	unknown
643	1	644	2019-12-06 12:16:42	7141.702916716458	unknown
1168	2	412	2019-12-04 15:44:41	4469.695616735844	unknown
2783	4	513	2019-12-05 08:53:47	5498.789433409693	unknown
3291	5	264	2019-12-03 13:51:18	2916.3123501150403	unknown
3515	5	488	2019-12-05 04:40:43	5245.7171001133975	unknown
3769	5	742	2019-12-07 05:37:54	8182.908850049134	unknown
3878	6	94	2019-12-02 06:57:39	1062.6631666591857	unknown
3605	5	578	2019-12-06 00:52:03	6457.05238338327	unknown
2514	4	244	2019-12-03 10:19:00	2704.0001500805374	unknown
4311	6	527	2019-12-05 16:28:08	5953.136150051141	unknown
667	1	668	2019-12-06 16:32:53	7397.88670005044	unknown
4000	6	216	2019-12-03 05:11:57	2396.964466657955	unknown
2610	4	340	2019-12-04 03:06:21	3711.3516833726317	unknown
4161	6	377	2019-12-04 09:49:12	4114.215266687097	unknown
2690	4	420	2019-12-04 17:06:29	4551.485649982933	unknown
2947	4	677	2019-12-06 18:08:30	7493.516516711097	unknown
266	1	267	2019-12-03 14:22:54	2947.900716725271	unknown
1667	3	154	2019-12-02 18:12:29	1737.4895667366218	unknown
2762	4	492	2019-12-05 05:21:29	5286.486750051845	unknown
976	2	220	2019-12-03 05:54:14	2439.2461334425025	unknown
714	1	715	2019-12-07 00:51:19	7896.323966713389	unknown
657	1	658	2019-12-06 14:46:50	7291.840516717639	unknown
691	1	692	2019-12-06 20:47:24	7652.411516719731	unknown
1417	2	661	2019-12-06 15:18:42	7323.714500052156	unknown
2585	4	315	2019-12-03 22:45:34	3450.582433445379	unknown
1613	3	100	2019-12-02 08:03:53	1128.895183444256	unknown
724	1	725	2019-12-07 02:37:22	8002.376200051513	unknown
4454	6	670	2019-12-06 16:54:24	7419.406416714191	unknown
3059	5	32	2019-12-01 19:31:19	376.3235833926592	unknown
4186	6	402	2019-12-04 14:02:51	4367.8643500758335	unknown
1922	3	409	2019-12-04 15:14:08	4439.1350833908655	unknown
253	1	254	2019-12-03 12:04:56	2809.939483436756	unknown
852	2	96	2019-12-02 07:19:33	1084.5509333722293	unknown
3812	6	28	2019-12-01 18:47:06	332.11028333287686	unknown
1341	2	585	2019-12-06 02:01:02	6526.036916712765	unknown
926	2	170	2019-12-02 21:02:34	1907.5692833284847	unknown
4413	6	629	2019-12-06 09:42:51	6987.858216713648	unknown
4116	6	332	2019-12-04 01:43:01	3628.032800112851	unknown
1355	2	599	2019-12-06 04:19:23	6664.386616711272	unknown
3165	5	138	2019-12-02 15:22:28	1567.4707333452534	unknown
1031	2	275	2019-12-03 15:48:12	3033.2056500006	unknown
453	1	454	2019-12-04 22:53:23	4898.385083373869	unknown
4148	6	364	2019-12-04 07:16:49	3961.819149989169	unknown
1771	3	258	2019-12-03 12:47:30	2852.5162500003353	unknown
1480	2	724	2019-12-07 02:26:49	7991.83120005182	unknown
2452	4	182	2019-12-02 23:10:17	2035.2995667373762	unknown
3205	5	178	2019-12-02 22:27:49	1992.827499982668	unknown
4102	6	318	2019-12-03 23:17:00	3482.0031166565605	unknown
4453	6	669	2019-12-06 16:43:48	7408.803600043757	unknown
273	1	274	2019-12-03 15:37:42	3022.714266772382	unknown
61	1	62	2019-12-02 01:03:07	708.1268833461218	unknown
2004	3	491	2019-12-05 05:11:12	5276.215450078016	unknown
3433	5	406	2019-12-04 14:43:38	4408.635416692123	unknown
3086	5	59	2019-12-02 00:30:10	675.1748334243894	unknown
1750	3	237	2019-12-03 08:59:58	2624.9796000053175	unknown
1129	2	373	2019-12-04 09:01:12	4066.216283381218	unknown
93	1	94	2019-12-02 06:57:21	1062.3516999883577	unknown
1152	2	396	2019-12-04 13:01:21	4306.358716702089	unknown
192	1	193	2019-12-03 01:07:05	2152.0862999965902	unknown
1236	2	480	2019-12-05 03:18:51	5163.862616788829	unknown
4096	6	312	2019-12-03 22:14:24	3419.4132833741605	unknown
422	1	423	2019-12-04 17:36:55	4581.925649999175	unknown
1413	2	657	2019-12-06 14:26:19	7271.327100052731	unknown
2476	4	206	2019-12-03 03:25:30	2290.506983420346	unknown
2925	4	655	2019-12-06 14:07:12	7252.200983382063	unknown
4093	6	309	2019-12-03 21:43:07	3388.121166676283	unknown
1143	2	387	2019-12-04 11:29:28	4214.477316675475	unknown
1936	3	423	2019-12-04 17:37:03	4582.050133394077	unknown
16	1	17	2019-12-01 16:45:02	210.04035004531033	unknown
1722	3	209	2019-12-03 03:57:20	2322.3446667334065	unknown
431	1	432	2019-12-04 19:08:48	4673.800583429402	unknown
3593	5	566	2019-12-05 22:53:28	6338.471166713862	unknown
3373	5	346	2019-12-04 04:09:00	3774.000483364798	unknown
1850	3	337	2019-12-04 02:35:00	3680.0002333405428	unknown
2993	4	723	2019-12-07 02:16:21	7981.351033381652	unknown
954	2	198	2019-12-03 02:00:18	2205.316650092136	unknown
4098	6	314	2019-12-03 22:35:16	3440.2759666519705	unknown
2804	4	534	2019-12-05 17:37:11	6022.185066717211	unknown
1659	3	146	2019-12-02 16:47:25	1652.420699999202	unknown
1394	2	638	2019-12-06 11:11:53	7076.899583382765	unknown
358	1	359	2019-12-04 06:24:21	3909.3522667174693	unknown
2092	3	579	2019-12-06 01:01:48	6466.809783383505	unknown
2495	4	225	2019-12-03 06:47:32	2492.541600050172	unknown
1017	2	261	2019-12-03 13:19:17	2884.2845667887013	unknown
4124	6	340	2019-12-04 03:06:28	3711.477483365452	unknown
3512	5	485	2019-12-05 04:10:05	5215.094833391486	unknown
2613	4	343	2019-12-04 03:37:38	3742.6460001105443	unknown
4349	6	565	2019-12-05 22:43:39	6328.651966711041	unknown
2734	4	464	2019-12-05 00:35:39	5000.653066750383	unknown
3916	6	132	2019-12-02 14:18:43	1503.7278667185456	unknown
1140	2	384	2019-12-04 10:58:51	4183.857233428862	unknown
2865	4	595	2019-12-06 03:39:58	6624.982850051019	unknown
578	1	579	2019-12-06 01:01:41	6466.685816711979	unknown
409	1	410	2019-12-04 15:24:13	4449.219150098506	unknown
668	1	669	2019-12-06 16:43:29	7408.491600053385	unknown
1323	2	567	2019-12-05 23:03:09	6348.165300046094	unknown
940	2	184	2019-12-02 23:31:26	2056.4409166539554	unknown
1343	2	587	2019-12-06 02:20:48	6545.800200045342	unknown
297	1	298	2019-12-03 19:48:03	3273.0640833615325	unknown
4133	6	349	2019-12-04 04:40:21	3805.3568833926693	unknown
163	1	164	2019-12-02 19:58:42	1843.7046999845188	unknown
1384	2	628	2019-12-06 09:29:18	6974.31646671379	unknown
1813	3	300	2019-12-03 20:09:03	3294.05076676514	unknown
1119	2	363	2019-12-04 07:06:08	3951.1338999832515	unknown
2449	4	179	2019-12-02 22:38:23	2003.3975167258177	unknown
675	1	676	2019-12-06 17:57:43	7482.725250046933	unknown
828	2	72	2019-12-02 02:53:53	818.883900004439	unknown
1664	3	151	2019-12-02 17:40:35	1705.5914333788678	unknown
3416	5	389	2019-12-04 11:50:05	4235.085833324119	unknown
2576	4	306	2019-12-03 21:11:42	3356.70045005274	unknown
49	1	50	2019-12-01 22:50:18	575.3051834378857	unknown
779	2	23	2019-12-01 17:51:30	276.5131500957068	unknown
144	1	145	2019-12-02 16:36:39	1641.661600030493	unknown
2573	4	303	2019-12-03 20:40:24	3325.407166656805	unknown
215	1	216	2019-12-03 05:11:39	2396.6527334426064	unknown
3004	4	734	2019-12-07 04:13:00	8098.005633386783	unknown
2645	4	375	2019-12-04 09:28:12	4093.205966781825	unknown
2534	4	264	2019-12-03 13:51:14	2916.248550043674	unknown
1841	3	328	2019-12-04 01:01:07	3586.1247000005096	unknown
2770	4	500	2019-12-05 06:43:09	5368.156449983362	unknown
2936	4	666	2019-12-06 16:11:51	7376.863350053318	unknown
2650	4	380	2019-12-04 10:16:35	4141.587050061207	unknown
4177	6	393	2019-12-04 12:30:59	4275.98543332424	unknown
3107	5	80	2019-12-02 04:22:37	907.6249333494343	unknown
315	1	316	2019-12-03 22:55:49	3460.829800036736	unknown
2431	4	161	2019-12-02 19:26:59	1811.9915167673025	unknown
1967	3	454	2019-12-04 22:53:30	4898.508783406578	unknown
988	2	232	2019-12-03 08:01:51	2566.8528999842238	unknown
3801	6	17	2019-12-01 16:45:21	210.35156673635356	unknown
2410	4	140	2019-12-02 15:43:40	1588.675100117689	unknown
2564	4	294	2019-12-03 19:06:31	3231.5271000482608	unknown
4220	6	436	2019-12-04 19:49:56	4714.943383438513	unknown
1988	3	475	2019-12-05 02:27:53	5112.884300113656	unknown
2529	4	259	2019-12-03 12:58:11	2863.1875834066886	unknown
481	1	482	2019-12-05 03:39:13	5184.221116751432	unknown
365	1	366	2019-12-04 07:37:22	3982.3729666520376	unknown
3624	5	597	2019-12-06 03:59:48	6644.809516717214	unknown
983	2	227	2019-12-03 07:08:41	2513.6842834122945	unknown
3377	5	350	2019-12-04 04:50:43	3815.7227333297487	unknown
1458	2	702	2019-12-06 22:33:31	7758.5174167121295	unknown
3939	6	155	2019-12-02 18:23:18	1748.310900052311	unknown
2641	4	371	2019-12-04 08:40:28	4045.4804167163093	unknown
3931	6	147	2019-12-02 16:58:14	1663.2415167801082	unknown
2337	4	67	2019-12-02 01:58:39	763.6619334295392	unknown
3676	5	649	2019-12-06 13:07:01	7192.017616712255	unknown
2438	4	168	2019-12-02 20:41:25	1886.4266333787236	unknown
2303	4	33	2019-12-01 19:42:19	387.3298167355824	unknown
360	1	361	2019-12-04 06:45:12	3930.213666673517	unknown
1965	3	452	2019-12-04 22:33:05	4878.093516763765	unknown
4314	6	530	2019-12-05 16:57:46	5982.7830500516575	unknown
2805	4	535	2019-12-05 17:47:04	6032.066766716307	unknown
3800	6	16	2019-12-01 16:34:16	199.28281665430404	unknown
1433	2	677	2019-12-06 18:08:23	7493.391500049038	unknown
2608	4	338	2019-12-04 02:45:29	3690.4890000948217	unknown
3402	5	375	2019-12-04 09:28:16	4093.2695000153035	unknown
4284	6	500	2019-12-05 06:43:16	5368.282500092173	unknown
4052	6	268	2019-12-03 14:33:49	2958.821799979778	unknown
345	1	346	2019-12-04 04:08:45	3773.7517667014617	unknown
4459	6	675	2019-12-06 17:47:25	7472.432083385065	unknown
35	1	36	2019-12-01 20:15:21	420.3502666542772	unknown
3239	5	212	2019-12-03 04:29:22	2354.370533422334	unknown
448	1	449	2019-12-04 22:02:20	4847.345183378784	unknown
4472	6	688	2019-12-06 20:05:18	7610.300250045257	unknown
3985	6	201	2019-12-03 02:32:27	2237.465949986363	unknown
4187	6	403	2019-12-04 14:13:04	4378.071500065271	unknown
3587	5	560	2019-12-05 21:54:10	6279.180683379527	unknown
3703	5	676	2019-12-06 17:57:58	7482.974483381258	unknown
776	2	20	2019-12-01 17:18:18	243.30900009255856	unknown
22	1	23	2019-12-01 17:51:27	276.4529834431596	unknown
851	2	95	2019-12-02 07:08:28	1073.4806334238965	unknown
2611	4	341	2019-12-04 03:16:47	3721.78383335704	unknown
1742	3	229	2019-12-03 07:30:00	2535.0144500203896	unknown
2697	4	427	2019-12-04 18:17:56	4622.948150115553	unknown
3298	5	271	2019-12-03 15:06:40	2991.6699333081488	unknown
2011	3	498	2019-12-05 06:22:40	5347.6791999838315	unknown
565	1	566	2019-12-05 22:53:13	6338.222450050525	unknown
3945	6	161	2019-12-02 19:27:07	1812.1173000487033	unknown
2654	4	384	2019-12-04 10:58:59	4183.984066753183	unknown
387	1	388	2019-12-04 11:39:37	4224.627533373423	unknown
4386	6	602	2019-12-06 04:49:17	6694.2856000503525	unknown
1409	2	653	2019-12-06 13:46:52	7231.8824167130515	unknown
3248	5	221	2019-12-03 06:05:04	2450.071633391781	unknown
3510	5	483	2019-12-05 03:49:40	5194.677083326969	unknown
4003	6	219	2019-12-03 05:43:52	2428.8677834370174	unknown
3529	5	502	2019-12-05 07:03:38	5388.634500046028	unknown
1711	3	198	2019-12-03 02:00:22	2205.380716708023	unknown
1577	3	64	2019-12-02 01:25:23	730.3895500302315	unknown
3511	5	484	2019-12-05 03:59:53	5204.885366738308	unknown
1960	3	447	2019-12-04 21:42:03	4827.051266692579	unknown
2832	4	562	2019-12-05 22:13:52	6298.881366719725	unknown
386	1	387	2019-12-04 11:29:25	4214.417683394859	unknown
4480	6	696	2019-12-06 21:30:08	7695.141900046729	unknown
4352	6	568	2019-12-05 23:13:17	6358.298566712765	unknown
1299	2	543	2019-12-05 19:05:59	6110.999766712775	unknown
1432	2	676	2019-12-06 17:57:47	7482.7859333809465	unknown
3851	6	67	2019-12-02 01:58:47	763.7879666907247	unknown
1953	3	440	2019-12-04 20:30:35	4755.591249981662	unknown
160	1	161	2019-12-02 19:26:48	1811.8050500156824	unknown
494	1	495	2019-12-05 05:51:55	5316.927749997703	unknown
1993	3	480	2019-12-05 03:18:55	5163.927733437158	unknown
208	1	209	2019-12-03 03:57:13	2322.2209667006973	unknown
601	1	602	2019-12-06 04:48:58	6693.973866719753	unknown
1391	2	635	2019-12-06 10:26:48	7031.812216710532	unknown
3191	5	164	2019-12-02 19:58:57	1843.953150092857	unknown
2231	3	718	2019-12-07 01:23:15	7928.265416719951	unknown
433	1	434	2019-12-04 19:29:13	4694.218466692837	unknown
3816	6	32	2019-12-01 19:31:23	376.38608342036605	unknown
816	2	60	2019-12-02 00:41:03	686.0511167056393	unknown
3222	5	195	2019-12-03 01:28:36	2173.602666675579	unknown
1971	3	458	2019-12-04 23:34:20	4939.3427667883225	unknown
2482	4	212	2019-12-03 04:29:18	2354.3075167236384	unknown
1610	3	97	2019-12-02 07:30:41	1095.6853000831325	unknown
511	1	512	2019-12-05 08:43:43	5488.718399995705	unknown
879	2	123	2019-12-02 12:40:24	1405.413450000342	unknown
2376	4	106	2019-12-02 09:18:20	1203.3417000935879	unknown
228	1	229	2019-12-03 07:29:53	2534.8902167519554	unknown
1566	3	53	2019-12-01 23:23:38	608.641383316135	unknown
2620	4	350	2019-12-04 04:50:39	3815.659450076055	unknown
2170	3	657	2019-12-06 14:26:23	7271.390650050016	unknown
4343	6	559	2019-12-05 21:44:21	6269.360450045206	unknown
3172	5	145	2019-12-02 16:36:54	1641.910566673614	unknown
3898	6	114	2019-12-02 10:54:00	1299.0055667061824	unknown
2440	4	170	2019-12-02 21:02:41	1907.6955999818165	unknown
3579	5	552	2019-12-05 20:35:07	6200.125300053041	unknown
2527	4	257	2019-12-03 12:36:57	2841.9652500457596	unknown
423	1	424	2019-12-04 17:47:08	4592.133416739525	unknown
3772	5	745	2019-12-07 06:09:43	8214.725066710962	unknown
3583	5	556	2019-12-05 21:14:39	6239.652616720414	unknown
4127	6	343	2019-12-04 03:37:46	3742.772300062934	unknown
3847	6	63	2019-12-02 01:14:30	719.5067500288133	unknown
2590	4	320	2019-12-03 23:37:44	3502.7358500193805	unknown
3448	5	421	2019-12-04 17:16:45	4561.757516741054	unknown
4275	6	491	2019-12-05 05:11:24	5276.40191669343	unknown
2147	3	634	2019-12-06 10:16:51	7021.86280004913	unknown
2005	3	492	2019-12-05 05:21:25	5286.425033375854	unknown
2036	3	523	2019-12-05 15:48:25	5913.41985004954	unknown
3314	5	287	2019-12-03 17:53:34	3158.5744333500043	unknown
2919	4	649	2019-12-06 13:06:57	7191.95433338522	unknown
544	1	545	2019-12-05 19:25:42	6130.705350050703	unknown
296	1	297	2019-12-03 19:37:38	3262.635200014338	unknown
804	2	48	2019-12-01 22:28:13	553.2304667041171	unknown
4060	6	276	2019-12-03 15:58:53	3043.888166741235	unknown
1569	3	56	2019-12-01 23:56:50	641.8426667083986	unknown
580	1	581	2019-12-06 01:21:26	6486.448950050399	unknown
3903	6	119	2019-12-02 11:51:04	1356.0722167685162	unknown
98	1	99	2019-12-02 07:52:42	1117.703783372417	unknown
2338	4	68	2019-12-02 02:09:43	774.7295001125894	unknown
4409	6	625	2019-12-06 08:59:32	6944.543333386537	unknown
4277	6	493	2019-12-05 05:31:49	5296.819533412345	unknown
571	1	572	2019-12-05 23:52:30	6397.512033378007	unknown
3342	5	315	2019-12-03 22:45:38	3450.6457166885957	unknown
528	1	529	2019-12-05 16:47:35	5972.589366710745	unknown
2652	4	382	2019-12-04 10:38:34	4163.567500077188	unknown
4050	6	266	2019-12-03 14:12:36	2937.600750097772	unknown
1678	3	165	2019-12-02 20:09:27	1854.4608334091026	unknown
2315	4	45	2019-12-01 21:55:09	520.1516833913047	unknown
2125	3	612	2019-12-06 06:27:54	6792.914833382238	unknown
622	1	623	2019-12-06 08:21:00	6906.016600050498	unknown
4099	6	315	2019-12-03 22:45:42	3450.707450065529	unknown
4078	6	294	2019-12-03 19:06:39	3231.6534000006504	unknown
1110	2	354	2019-12-04 05:32:15	3857.2590333607513	unknown
3595	5	568	2019-12-05 23:13:14	6358.235800046241	unknown
1099	2	343	2019-12-04 03:37:31	3742.5199500017334	unknown
4202	6	418	2019-12-04 16:46:11	4531.196416747989	unknown
147	1	148	2019-12-02 17:08:33	1673.5631166701205	unknown
3779	5	752	2019-12-07 07:23:57	8288.9585167123	unknown
1446	2	690	2019-12-06 20:26:15	7631.2597833853215	unknown
132	1	133	2019-12-02 14:29:02	1514.0489166718908	unknown
2672	4	402	2019-12-04 14:02:44	4367.739083329216	unknown
124	1	125	2019-12-02 13:02:55	1427.9249167162925	unknown
2899	4	629	2019-12-06 09:42:43	6987.7316500491	unknown
1604	3	91	2019-12-02 06:24:16	1029.269700004952	unknown
1682	3	169	2019-12-02 20:51:59	1896.9990000512917	unknown
327	1	328	2019-12-04 01:00:59	3585.999700081302	unknown
4531	6	747	2019-12-07 06:30:59	8235.998150043888	unknown
2222	3	709	2019-12-06 23:47:49	7832.818333385512	unknown
1237	2	481	2019-12-05 03:29:04	5174.070650063222	unknown
4488	6	704	2019-12-06 22:54:58	7779.980100046378	unknown
2814	4	544	2019-12-05 19:16:00	6121.007250045659	unknown
1705	3	192	2019-12-03 00:56:34	2141.577450003242	unknown
677	1	678	2019-12-06 18:18:56	7503.936250047991	unknown
987	2	231	2019-12-03 07:51:13	2556.217516749166	unknown
2934	4	664	2019-12-06 15:50:39	7355.653183381073	unknown
1767	3	254	2019-12-03 12:05:03	2810.06371670519	unknown
894	2	138	2019-12-02 15:22:16	1567.2811334382277	unknown
1505	2	749	2019-12-07 06:51:57	8256.956650052452	unknown
891	2	135	2019-12-02 14:50:22	1535.3767333400901	unknown
4183	6	399	2019-12-04 13:32:14	4337.237416750286	unknown
3353	5	326	2019-12-04 00:40:23	3565.385716755409	unknown
1201	2	445	2019-12-04 21:21:34	4806.569333377993	unknown
4234	6	450	2019-12-04 22:12:51	4857.863666693447	unknown
264	1	265	2019-12-03 14:01:40	2926.675083314767	unknown
3967	6	183	2019-12-02 23:21:03	2046.0586667060852	unknown
1694	3	181	2019-12-02 22:59:36	2024.6034500654787	unknown
2424	4	154	2019-12-02 18:12:33	1737.550766741624	unknown
2816	4	546	2019-12-05 19:35:46	6140.77220004634	unknown
2447	4	177	2019-12-02 22:17:07	1982.1332499815617	unknown
1926	3	413	2019-12-04 15:54:58	4479.969800021499	unknown
2352	4	82	2019-12-02 04:44:41	929.6999167639297	unknown
3686	5	659	2019-12-06 14:57:41	7302.692833382171	unknown
2511	4	241	2019-12-03 09:47:09	2672.160733442288	unknown
2945	4	675	2019-12-06 17:47:18	7472.306550052017	unknown
982	2	226	2019-12-03 06:58:03	2503.0514666845556	unknown
2274	4	4	2019-12-01 14:09:44	54.747683425666764	unknown
4315	6	531	2019-12-05 17:07:39	5992.666566713015	unknown
4475	6	691	2019-12-06 20:37:07	7642.118350047385	unknown
2981	4	711	2019-12-07 00:09:05	7854.090300049866	unknown
842	2	86	2019-12-02 05:28:51	973.8573334598914	unknown
1881	3	368	2019-12-04 07:58:21	4003.3614333579317	unknown
4162	6	378	2019-12-04 09:59:39	4124.658466660185	unknown
4232	6	448	2019-12-04 21:52:26	4837.447850113967	unknown
4518	6	734	2019-12-07 04:13:07	8098.1319333810825	unknown
1823	3	310	2019-12-03 21:53:21	3398.364100079052	unknown
439	1	440	2019-12-04 20:30:28	4755.467550095636	unknown
3701	5	674	2019-12-06 17:36:45	7461.765200046357	unknown
3304	5	277	2019-12-03 16:09:15	3054.2557667044457	unknown
4332	6	548	2019-12-05 19:55:39	6160.660600047559	unknown
2182	3	669	2019-12-06 16:43:36	7408.616600045934	unknown
335	1	336	2019-12-04 02:24:26	3669.4453167321626	unknown
3442	5	415	2019-12-04 16:15:30	4500.510883347597	unknown
3376	5	349	2019-12-04 04:40:17	3805.2943833649624	unknown
4402	6	618	2019-12-06 07:27:23	6852.393966712989	unknown
3687	5	660	2019-12-06 15:08:17	7313.2981500495225	unknown
14	1	15	2019-12-01 16:22:54	187.90286673931405	unknown
948	2	192	2019-12-03 00:56:30	2141.5133833978325	unknown
2490	4	220	2019-12-03 05:54:22	2439.372433394892	unknown
4155	6	371	2019-12-04 08:40:36	4045.606466688914	unknown
3209	5	182	2019-12-02 23:10:21	2035.3636333427858	unknown
4057	6	273	2019-12-03 15:27:35	3012.5940000498667	unknown
2678	4	408	2019-12-04 15:03:59	4428.9874000812415	unknown
3354	5	327	2019-12-04 00:50:49	3575.8182333642617	unknown
2285	4	15	2019-12-01 16:23:05	188.08854998205788	unknown
2099	3	586	2019-12-06 02:10:58	6535.982833384769	unknown
2666	4	396	2019-12-04 13:01:29	4306.484250003705	unknown
75	1	76	2019-12-02 03:38:05	863.0961500213016	unknown
4310	6	526	2019-12-05 16:18:15	5943.254716711817	unknown
2115	3	602	2019-12-06 04:49:05	6694.097583380062	unknown
4109	6	325	2019-12-04 00:30:01	3555.0183000939433	unknown
2013	3	500	2019-12-05 06:43:05	5368.095516669564	unknown
3664	5	637	2019-12-06 11:02:04	7067.074916713173	unknown
4051	6	267	2019-12-03 14:23:12	2948.2116667251103	unknown
2242	3	729	2019-12-07 03:19:55	8044.919966716552	unknown
3728	5	701	2019-12-06 22:23:06	7748.102366711246	unknown
1522	3	9	2019-12-01 15:16:37	121.62201667204499	unknown
1714	3	201	2019-12-03 02:32:16	2237.278700019233	unknown
4037	6	253	2019-12-03 11:54:38	2799.639533373993	unknown
1835	3	322	2019-12-03 23:58:32	3523.539416687563	unknown
2205	3	692	2019-12-06 20:47:32	7652.5360000517685	unknown
1358	2	602	2019-12-06 04:49:02	6694.034033382777	unknown
244	1	245	2019-12-03 10:29:25	2714.428766736528	unknown
1498	2	742	2019-12-07 05:37:43	8182.720550049562	unknown
4190	6	406	2019-12-04 14:43:41	4408.69791671983	unknown
2068	3	555	2019-12-05 21:04:38	6229.645916718291	unknown
722	1	723	2019-12-07 02:16:09	7981.165350044612	unknown
4540	6	756	2019-12-07 08:10:37	8335.62736672	unknown
1203	2	447	2019-12-04 21:41:59	4826.986166734714	unknown
3203	5	176	2019-12-02 22:06:33	1971.5619000967126	unknown
2687	4	417	2019-12-04 16:35:51	4520.861833394738	unknown
4074	6	290	2019-12-03 18:24:55	3189.9309000454377	unknown
2348	4	78	2019-12-02 04:00:25	885.420633314643	unknown
1092	2	336	2019-12-04 02:24:30	3669.504950012779	unknown
498	1	499	2019-12-05 06:32:45	5357.7627500204835	unknown
2921	4	651	2019-12-06 13:26:58	7211.981783387018	unknown
2177	3	664	2019-12-06 15:50:35	7355.591966717038	unknown
3346	5	319	2019-12-03 23:27:22	3492.371049989015	unknown
3436	5	409	2019-12-04 15:14:15	4439.259566639084	unknown
2627	4	357	2019-12-04 06:03:40	3888.675600051647	unknown
1393	2	637	2019-12-06 11:01:53	7066.88663338311	unknown
4416	6	632	2019-12-06 09:57:01	7002.022916714195	unknown
2243	3	730	2019-12-07 03:30:31	8055.524616718758	unknown
187	1	188	2019-12-03 00:13:55	2098.9184333744925	unknown
2224	3	711	2019-12-07 00:09:01	7854.029100044863	unknown
330	1	331	2019-12-04 01:32:17	3617.2893333574757	unknown
1699	3	186	2019-12-02 23:52:46	2077.771850069985	unknown
3576	5	549	2019-12-05 20:05:28	6170.4797000437975	unknown
2960	4	690	2019-12-06 20:26:23	7631.38505004812	unknown
2113	3	600	2019-12-06 04:29:20	6674.333416720619	unknown
4123	6	339	2019-12-04 02:56:02	3701.0475666762795	unknown
2966	4	696	2019-12-06 21:30:00	7695.01636671368	unknown
3531	5	504	2019-12-05 07:24:03	5409.051133389585	unknown
2637	4	367	2019-12-04 07:47:59	3992.990649989806	unknown
3357	5	330	2019-12-04 01:22:06	3607.1091666736174	unknown
3835	6	51	2019-12-01 23:01:41	586.6861834062729	unknown
258	1	259	2019-12-03 12:58:00	2863.0019000172615	unknown
3669	5	642	2019-12-06 11:56:55	7121.923733385047	unknown
1961	3	448	2019-12-04 21:52:15	4837.260600000154	unknown
1345	2	589	2019-12-06 02:40:33	6565.563583384501	unknown
2299	4	29	2019-12-01 18:58:03	343.05271675111726	unknown
346	1	347	2019-12-04 04:19:10	3784.182983423816	unknown
1845	3	332	2019-12-04 01:42:50	3627.8455499990378	unknown
4120	6	336	2019-12-04 02:24:45	3669.7570500941947	unknown
2740	4	470	2019-12-05 01:36:54	5061.901183342561	unknown
4278	6	494	2019-12-05 05:42:01	5307.028333347989	unknown
1187	2	431	2019-12-04 18:58:39	4663.651350096334	unknown
210	1	211	2019-12-03 04:18:29	2343.488250091905	unknown
1116	2	360	2019-12-04 06:34:50	3919.843650092371	unknown
741	1	742	2019-12-07 05:37:39	8182.660133385798	unknown
2061	3	548	2019-12-05 19:55:28	6160.472566718236	unknown
3405	5	378	2019-12-04 09:59:35	4124.59570007748	unknown
332	1	333	2019-12-04 01:53:09	3638.152016781969	unknown
4219	6	435	2019-12-04 19:39:44	4704.735883389367	unknown
1308	2	552	2019-12-05 20:34:56	6199.936233381741	unknown
4373	6	589	2019-12-06 02:40:48	6565.815683382098	unknown
1311	2	555	2019-12-05 21:04:34	6229.581850050017	unknown
1281	2	525	2019-12-05 16:08:07	5933.120400044136	unknown
3323	5	296	2019-12-03 19:27:27	3252.4542666692287	unknown
1641	3	128	2019-12-02 13:36:00	1461.0135000979062	unknown
39	1	40	2019-12-01 20:59:37	464.6257666591555	unknown
1257	2	501	2019-12-05 06:53:14	5378.238699986832	unknown
3738	5	711	2019-12-07 00:09:09	7854.153850047151	unknown
4267	6	483	2019-12-05 03:49:44	5194.739049982745	unknown
356	1	357	2019-12-04 06:03:29	3888.4899166517425	unknown
56	1	57	2019-12-02 00:07:47	652.787066741148	unknown
2630	4	360	2019-12-04 06:34:58	3919.9694333737716	unknown
3740	5	713	2019-12-07 00:30:21	7875.364433383802	unknown
1490	2	734	2019-12-07 04:12:52	8097.8806333837565	unknown
4087	6	303	2019-12-03 20:40:32	3325.533483310137	unknown
841	2	85	2019-12-02 05:17:47	962.789383440977	unknown
850	2	94	2019-12-02 06:57:24	1062.4118500761688	unknown
2707	4	437	2019-12-04 20:00:01	4725.025616741041	unknown
920	2	164	2019-12-02 19:58:45	1843.7638167408295	unknown
3477	5	450	2019-12-04 22:12:48	4857.801433346467	unknown
1210	2	454	2019-12-04 22:53:26	4898.444199983496	unknown
1702	3	189	2019-12-03 00:24:40	2109.67440005159	unknown
3007	4	737	2019-12-07 04:44:49	8129.822416717652	unknown
3319	5	292	2019-12-03 18:45:43	3210.730033388827	unknown
1101	2	345	2019-12-04 03:58:22	3763.382900117431	unknown
491	1	492	2019-12-05 05:21:18	5286.3005499809515	unknown
3199	5	172	2019-12-02 21:24:01	1929.0263333742041	unknown
2073	3	560	2019-12-05 21:54:03	6279.055166715989	unknown
711	1	712	2019-12-07 00:19:30	7864.510050045792	unknown
2601	4	331	2019-12-04 01:32:28	3617.475533428369	unknown
246	1	247	2019-12-03 10:50:39	2735.6544833793305	unknown
579	1	580	2019-12-06 01:11:34	6476.567516711075	unknown
1818	3	305	2019-12-03 21:01:12	3346.2063167011365	unknown
3501	5	474	2019-12-05 02:17:48	5102.800233406015	unknown
4427	6	643	2019-12-06 12:07:00	7132.001966717653	unknown
3434	5	407	2019-12-04 14:53:50	4418.842666751007	unknown
1560	3	47	2019-12-01 22:17:13	542.2270834073424	unknown
2939	4	669	2019-12-06 16:43:40	7408.677800050937	unknown
3806	6	22	2019-12-01 17:40:41	265.69650009507313	unknown
684	1	685	2019-12-06 19:33:10	7578.174000049476	unknown
2868	4	598	2019-12-06 04:09:37	6654.629916715203	unknown
608	1	609	2019-12-06 05:58:08	6763.146916710539	unknown
1607	3	94	2019-12-02 06:57:28	1062.4767000437714	unknown
408	1	409	2019-12-04 15:14:00	4439.0111166774295	unknown
3791	6	7	2019-12-01 14:54:40	99.67295002075844	unknown
3613	5	586	2019-12-06 02:11:06	6536.1078333773185	unknown
3097	5	70	2019-12-02 02:31:55	796.9328834395856	unknown
1492	2	736	2019-12-07 04:34:05	8119.091733380919	unknown
2728	4	458	2019-12-04 23:34:24	4939.403966782847	unknown
4160	6	376	2019-12-04 09:38:46	4103.7731167674065	unknown
659	1	660	2019-12-06 15:08:02	7313.048916715197	unknown
4244	6	460	2019-12-04 23:54:56	4959.946599985706	unknown
171	1	172	2019-12-02 21:23:46	1928.7771000503562	unknown
2047	3	534	2019-12-05 17:37:07	6022.123083381448	unknown
1800	3	287	2019-12-03 17:53:26	3158.449683410581	unknown
3315	5	288	2019-12-03 18:04:00	3169.005650061881	unknown
3944	6	160	2019-12-02 19:16:28	1801.4824333484285	unknown
3332	5	305	2019-12-03 21:01:19	3346.3315834582318	unknown
1022	2	266	2019-12-03 14:12:20	2937.3494500794914	unknown
2837	4	567	2019-12-05 23:03:17	6348.290816720109	unknown
363	1	364	2019-12-04 07:16:30	3961.507933444809	unknown
536	1	537	2019-12-05 18:06:38	6051.6466500470415	unknown
376	1	377	2019-12-04 09:48:54	4113.905350029236	unknown
731	1	732	2019-12-07 03:51:36	8076.608633380383	unknown
2803	4	533	2019-12-05 17:27:18	6012.303633377887	unknown
4019	6	235	2019-12-03 08:33:55	2598.9260500785895	unknown
2041	3	528	2019-12-05 16:37:49	5962.830600051675	unknown
2292	4	22	2019-12-01 17:40:34	265.5701834417414	unknown
855	2	99	2019-12-02 07:52:45	1117.7631501085125	unknown
2200	3	687	2019-12-06 19:54:30	7599.507766716415	unknown
4477	6	693	2019-12-06 20:58:19	7663.327633382287	unknown
2184	3	671	2019-12-06 17:04:49	7429.8262667167	unknown
3389	5	362	2019-12-04 06:55:53	3940.8925500058103	unknown
962	2	206	2019-12-03 03:25:22	2290.3809334582184	unknown
1901	3	388	2019-12-04 11:39:45	4224.75176678854	unknown
2057	3	544	2019-12-05 19:15:56	6120.945533380145	unknown
1689	3	176	2019-12-02 22:06:26	1971.4369000308216	unknown
1930	3	417	2019-12-04 16:35:48	4520.8011500607245	unknown
3008	4	738	2019-12-07 04:55:25	8140.426016718848	unknown
2759	4	489	2019-12-05 04:50:51	5255.861583317164	unknown
4345	6	561	2019-12-05 22:04:07	6289.125983384438	unknown
1075	2	319	2019-12-03 23:27:10	3492.181450081989	unknown
3157	5	130	2019-12-02 13:57:24	1482.4022500799038	unknown
2358	4	88	2019-12-02 05:51:07	996.1177500011399	unknown
824	2	68	2019-12-02 02:09:36	774.6039833757095	unknown
308	1	309	2019-12-03 21:42:48	3387.8091833239887	unknown
4197	6	413	2019-12-04 15:55:09	4480.1554834109265	unknown
641	1	642	2019-12-06 11:56:40	7121.674766710494	unknown
108	1	109	2019-12-02 09:52:00	1237.013833397068	unknown
913	2	157	2019-12-02 18:44:19	1769.3261999962851	unknown
4398	6	614	2019-12-06 06:47:51	6812.866516710492	unknown
3204	5	177	2019-12-02 22:17:11	1982.1962666907348	unknown
2072	3	559	2019-12-05 21:44:10	6269.172433385393	unknown
4001	6	217	2019-12-03 05:22:35	2407.5990833784454	unknown
89	1	90	2019-12-02 06:13:04	1018.0730833928101	unknown
4285	6	501	2019-12-05 06:53:29	5378.49026668584	unknown
3765	5	738	2019-12-07 04:55:29	8140.489050045144	unknown
2282	4	12	2019-12-01 15:49:53	154.88658331800252	unknown
3935	6	151	2019-12-02 17:40:46	1705.7776334392838	unknown
3403	5	376	2019-12-04 09:38:42	4103.7103500484955	unknown
1326	2	570	2019-12-05 23:32:48	6377.809583384078	unknown
2721	4	451	2019-12-04 22:22:56	4867.945650005713	unknown
3677	5	650	2019-12-06 13:17:01	7202.03056671191	unknown
2107	3	594	2019-12-06 03:30:02	6615.039683387149	unknown
758	2	2	2019-12-01 13:48:12	33.21021671989001	unknown
2702	4	432	2019-12-04 19:08:59	4673.98653336335	unknown
3283	5	256	2019-12-03 12:26:25	2831.4191833965015	unknown
2933	4	663	2019-12-06 15:40:02	7345.049050049856	unknown
725	1	726	2019-12-07 02:47:58	8012.980850053718	unknown
3010	4	740	2019-12-07 05:16:38	8161.635233386187	unknown
2236	3	723	2019-12-07 02:16:17	7981.289833387127	unknown
4145	6	361	2019-12-04 06:45:31	3930.525133344345	unknown
368	1	369	2019-12-04 08:08:40	4013.6669667321257	unknown
606	1	607	2019-12-06 05:38:22	6743.382750051096	unknown
438	1	439	2019-12-04 20:20:15	4745.256666764617	unknown
3224	5	197	2019-12-03 01:49:52	2194.8718834051397	unknown
800	2	44	2019-12-01 21:43:57	508.9553333236836	unknown
2253	3	740	2019-12-07 05:16:34	8161.574033381185	unknown
4504	6	720	2019-12-07 01:44:39	7949.661166712176	unknown
4312	6	528	2019-12-05 16:38:01	5963.018883381737	unknown
2304	4	34	2019-12-01 19:53:23	398.3949167083483	unknown
425	1	426	2019-12-04 18:07:33	4612.553666780004	unknown
1160	2	404	2019-12-04 14:23:01	4388.027683395194	unknown
4293	6	509	2019-12-05 08:14:22	5459.373016707832	unknown
639	1	640	2019-12-06 11:31:51	7096.862450045301	unknown
173	1	174	2019-12-02 21:45:02	1950.047349985689	unknown
3762	5	735	2019-12-07 04:23:40	8108.6740833870135	unknown
1617	3	104	2019-12-02 08:48:10	1173.169283325551	unknown
2977	4	707	2019-12-06 23:26:40	7811.668416713364	unknown
2066	3	553	2019-12-05 20:44:52	6209.8820000491105	unknown
939	2	183	2019-12-02 23:20:48	2045.8076001133304	unknown
178	1	179	2019-12-02 22:38:12	2003.2118333259132	unknown
4331	6	547	2019-12-05 19:45:46	6150.779683379224	unknown
558	1	559	2019-12-05 21:44:02	6269.049250044627	unknown
3862	6	78	2019-12-02 04:00:32	885.5459000612609	unknown
3643	5	616	2019-12-06 07:07:33	6832.566516716033	unknown
3351	5	324	2019-12-04 00:19:31	3544.5243333640974	unknown
875	2	119	2019-12-02 11:50:49	1355.8203833783045	unknown
2435	4	165	2019-12-02 20:09:31	1854.5222833938897	unknown
2302	4	32	2019-12-01 19:31:15	376.2603000027593	unknown
2251	3	738	2019-12-07 04:55:21	8140.364566713106	unknown
3891	6	107	2019-12-02 09:29:45	1214.7526500478853	unknown
303	1	304	2019-12-03 20:50:39	3335.6508834217675	unknown
4114	6	330	2019-12-04 01:22:10	3607.1714167215396	unknown
4408	6	624	2019-12-06 08:49:32	6934.533766710665	unknown
62	1	63	2019-12-02 01:14:11	719.1944999957923	unknown
2860	4	590	2019-12-06 02:50:34	6575.571333377156	unknown
4033	6	249	2019-12-03 11:12:11	2757.18730003573	unknown
623	1	624	2019-12-06 08:49:13	6934.222033380065	unknown
4520	6	736	2019-12-07 04:34:20	8119.343050047755	unknown
3215	5	188	2019-12-03 00:14:10	2099.1676667088177	unknown
41	1	42	2019-12-01 21:21:45	486.76288334070705	unknown
2173	3	660	2019-12-06 15:08:10	7313.173666717485	unknown
530	1	531	2019-12-05 17:07:21	5992.354300052393	unknown
2706	4	436	2019-12-04 19:49:49	4714.818383372622	unknown
2363	4	93	2019-12-02 06:46:28	1051.467600100441	unknown
4487	6	703	2019-12-06 22:44:22	7769.3741500528995	unknown
1103	2	347	2019-12-04 04:19:14	3784.243133375421	unknown
3083	5	56	2019-12-01 23:56:58	641.9674000830855	unknown
1402	2	646	2019-12-06 12:36:47	7161.790550050791	unknown
3012	4	742	2019-12-07 05:37:50	8182.845816712361	unknown
2051	3	538	2019-12-05 18:16:39	6061.652316717664	unknown
3273	5	246	2019-12-03 10:40:17	2725.2904667006806	unknown
3833	6	49	2019-12-01 22:39:33	564.5513000199571	unknown
2097	3	584	2019-12-06 01:51:13	6516.219550052192	unknown
2044	3	531	2019-12-05 17:07:28	5992.478266713442	unknown
2445	4	175	2019-12-02 21:55:51	1960.8655667002313	unknown
4132	6	348	2019-12-04 04:29:55	3794.925933361519	unknown
4299	6	515	2019-12-05 09:13:41	5518.687816655729	unknown
3289	5	262	2019-12-03 13:30:05	2895.088450029725	unknown
4230	6	446	2019-12-04 21:32:01	4817.02945003286	unknown
2867	4	597	2019-12-06 03:59:44	6644.746233379701	unknown
4376	6	592	2019-12-06 03:10:27	6595.4630333860405	unknown
3883	6	99	2019-12-02 07:53:00	1118.0150000634603	unknown
3258	5	231	2019-12-03 07:51:24	2556.406850111671	unknown
4424	6	640	2019-12-06 11:32:10	7097.17445004615	unknown
2234	3	721	2019-12-07 01:55:04	7960.079333377071	unknown
2559	4	289	2019-12-03 18:14:22	3179.375200085342	unknown
1100	2	344	2019-12-04 03:47:57	3752.9514334048145	unknown
1351	2	595	2019-12-06 03:39:51	6624.856800046982	unknown
3892	6	108	2019-12-02 09:41:02	1226.0406667669304	unknown
1670	3	157	2019-12-02 18:44:23	1769.3900000676513	unknown
4360	6	576	2019-12-06 00:32:21	6437.351233380614	unknown
3796	6	12	2019-12-01 15:50:00	155.01160008483566	unknown
2779	4	509	2019-12-05 08:14:14	5459.248016788624	unknown
2777	4	507	2019-12-05 07:54:36	5439.61088337237	unknown
1657	3	144	2019-12-02 16:26:09	1631.1538167810068	unknown
4062	6	278	2019-12-03 16:19:45	3064.7507833410054	unknown
1290	2	534	2019-12-05 17:37:03	6022.059550053673	unknown
3013	4	743	2019-12-07 05:48:27	8193.451250045327	unknown
290	1	291	2019-12-03 18:35:03	3200.050900076749	unknown
4457	6	673	2019-12-06 17:26:13	7451.223316710675	unknown
690	1	691	2019-12-06 20:36:48	7641.806350046536	unknown
3036	5	9	2019-12-01 15:16:44	121.74728342914023	unknown
21	1	22	2019-12-01 17:40:23	265.38476673304103	unknown
4071	6	287	2019-12-03 17:53:38	3158.6374500487	unknown
2717	4	447	2019-12-04 21:42:06	4827.113000069512	unknown
2810	4	540	2019-12-05 18:36:28	6081.478716713609	unknown
1198	2	442	2019-12-04 20:50:56	4775.942466720007	unknown
4501	6	717	2019-12-07 01:12:50	7917.846716714557	unknown
3279	5	252	2019-12-03 11:43:57	2788.9627334370743	unknown
2752	4	482	2019-12-05 03:39:24	5184.406283333665	unknown
4401	6	617	2019-12-06 07:17:30	6842.512283383403	unknown
3445	5	418	2019-12-04 16:46:08	4531.133916720282	unknown
1512	2	756	2019-12-07 08:10:22	8335.376316712936	unknown
3873	6	89	2019-12-02 06:02:18	1007.3104500956833	unknown
3625	5	598	2019-12-06 04:09:41	6654.692683381727	unknown
584	1	585	2019-12-06 02:00:58	6525.97780005075	unknown
4158	6	374	2019-12-04 09:11:54	4076.9013000978157	unknown
2716	4	446	2019-12-04 21:31:54	4816.904183422448	unknown
3616	5	589	2019-12-06 02:40:45	6565.7529167155735	unknown
100	1	101	2019-12-02 08:14:50	1139.838816669071	unknown
1642	3	129	2019-12-02 13:46:38	1471.647583435988	unknown
1935	3	422	2019-12-04 17:26:50	4571.8426333449315	unknown
1648	3	135	2019-12-02 14:50:26	1535.4410500824451	unknown
2831	4	561	2019-12-05 22:04:00	6289.00018338114	unknown
1913	3	400	2019-12-04 13:42:15	4347.259750080993	unknown
2772	4	502	2019-12-05 07:03:34	5388.571466782596	unknown
3771	5	744	2019-12-07 05:59:07	8204.119166715536	unknown
3292	5	265	2019-12-03 14:01:55	2926.925083436072	unknown
1924	3	411	2019-12-04 15:34:33	4459.551400076598	unknown
3564	5	537	2019-12-05 18:06:53	6051.895616711117	unknown
3961	6	177	2019-12-02 22:17:15	1982.2579833562486	unknown
3251	5	224	2019-12-03 06:36:58	2481.9739333936013	unknown
4059	6	275	2019-12-03 15:48:27	3033.456166656688	unknown
4157	6	373	2019-12-04 09:01:28	4066.4673334092367	unknown
1366	2	610	2019-12-06 06:08:05	6773.087650045054	unknown
3264	5	237	2019-12-03 09:00:06	2625.1041001011617	unknown
1440	2	684	2019-12-06 19:22:37	7567.629266720032	unknown
277	1	278	2019-12-03 16:19:26	3064.4406167033594	unknown
72	1	73	2019-12-02 03:04:53	829.892483423464	unknown
1829	3	316	2019-12-03 22:55:57	3460.9542834211607	unknown
1141	2	385	2019-12-04 11:09:03	4194.059966637287	unknown
101	1	102	2019-12-02 08:25:54	1150.9088666376192	unknown
3652	5	625	2019-12-06 08:59:28	6944.480566720013	unknown
3781	5	754	2019-12-07 07:45:10	8310.169366719201	unknown
1342	2	586	2019-12-06 02:10:55	6535.919033386745	unknown
1389	2	633	2019-12-06 10:06:47	7011.78500005044	unknown
3592	5	565	2019-12-05 22:43:35	6328.589983385755	unknown
4291	6	507	2019-12-05 07:54:44	5439.736666653771	unknown
1558	3	45	2019-12-01 21:55:05	520.0899667257909	unknown
1614	3	101	2019-12-02 08:14:57	1139.9638334359042	unknown
1065	2	309	2019-12-03 21:42:52	3387.869333422277	unknown
2539	4	269	2019-12-03 14:44:18	2969.3076999869663	unknown
1895	3	382	2019-12-04 10:38:30	4163.506550062448	unknown
3880	6	96	2019-12-02 07:19:48	1084.8022501019295	unknown
1487	2	731	2019-12-07 03:41:03	8066.065966713941	unknown
2900	4	630	2019-12-06 09:44:31	6989.530166715849	unknown
470	1	471	2019-12-05 01:46:55	5071.923516673269	unknown
1072	2	316	2019-12-03 22:55:53	3460.88968344382	unknown
4492	6	708	2019-12-06 23:37:23	7822.399900050368	unknown
3854	6	70	2019-12-02 02:31:59	796.9951167865656	unknown
1338	2	582	2019-12-06 01:31:23	6496.391316713998	unknown
1133	2	377	2019-12-04 09:48:57	4113.964733330067	unknown
1058	2	302	2019-12-03 20:29:51	3314.85016665305	unknown
617	1	618	2019-12-06 07:27:04	6852.082233382389	unknown
660	1	661	2019-12-06 15:18:39	7323.6538167181425	unknown
3299	5	272	2019-12-03 15:17:06	3002.1021167049184	unknown
4112	6	328	2019-12-04 01:01:18	3586.3109000609256	unknown
237	1	238	2019-12-03 09:10:17	2635.2892333455384	unknown
1367	2	611	2019-12-06 06:17:58	6782.969083384378	unknown
4173	6	389	2019-12-04 11:50:08	4235.147550000111	unknown
2460	4	190	2019-12-03 00:35:22	2120.3699500858784	unknown
4295	6	511	2019-12-05 08:34:08	5479.14451665245	unknown
4169	6	385	2019-12-04 11:09:18	4194.311550047714	unknown
1744	3	231	2019-12-03 07:51:16	2556.2818333448377	unknown
742	1	743	2019-12-07 05:48:15	8193.265550049255	unknown
1462	2	706	2019-12-06 23:15:56	7800.938783377642	unknown
1764	3	251	2019-12-03 11:33:13	2778.2260333921295	unknown
1313	2	557	2019-12-05 21:24:20	6249.345750049688	unknown
1828	3	315	2019-12-03 22:45:31	3450.520983460592	unknown
1192	2	436	2019-12-04 19:49:41	4714.691816739505	unknown
1314	2	558	2019-12-05 21:34:13	6259.227966719773	unknown
3865	6	81	2019-12-02 04:33:45	918.7566999834962	unknown
366	1	367	2019-12-04 07:47:48	3992.804183374392	unknown
541	1	542	2019-12-05 18:56:03	6101.057716717478	unknown
791	2	35	2019-12-01 20:04:20	409.3410000996664	unknown
4193	6	409	2019-12-04 15:14:19	4439.321549995802	unknown
3368	5	341	2019-12-04 03:16:50	3721.8479001091328	unknown
869	2	113	2019-12-02 10:42:28	1287.471166709438	unknown
1730	3	217	2019-12-03 05:22:24	2407.4113167403266	unknown
2636	4	366	2019-12-04 07:37:33	3982.558383360738	unknown
896	2	140	2019-12-02 15:43:32	1588.5490499984007	unknown
4085	6	301	2019-12-03 20:19:40	3304.670016670134	unknown
955	2	199	2019-12-03 02:10:57	2215.9503666695673	unknown
1363	2	607	2019-12-06 05:38:26	6743.442650043871	unknown
907	2	151	2019-12-02 17:40:31	1705.526316720061	unknown
698	1	699	2019-12-06 22:01:38	7726.645150043769	unknown
1452	2	696	2019-12-06 21:29:53	7694.8911000508815	unknown
792	2	36	2019-12-01 20:15:24	420.41016677278094	unknown
2806	4	536	2019-12-05 17:56:56	6041.949766717153	unknown
952	2	196	2019-12-03 01:39:02	2184.048733395757	unknown
1404	2	648	2019-12-06 12:56:48	7181.8148833781015	unknown
2956	4	686	2019-12-06 19:43:57	7588.965633379994	unknown
757	2	1	2019-12-01 13:44:29	29.48921669390984	unknown
214	1	215	2019-12-03 05:01:01	2386.0214834392536	unknown
3095	5	68	2019-12-02 02:09:47	774.792783355806	unknown
775	2	19	2019-12-01 17:07:14	232.23843331681564	unknown
3271	5	244	2019-12-03 10:19:03	2704.063433323754	unknown
2555	4	285	2019-12-03 17:32:38	3137.648716662079	unknown
416	1	417	2019-12-04 16:35:40	4520.6771833472885	unknown
2558	4	288	2019-12-03 18:03:56	3168.9418334362563	unknown
464	1	465	2019-12-05 00:45:40	5010.675400081091	unknown
294	1	295	2019-12-03 19:16:46	3241.771733374335	unknown
864	2	108	2019-12-02 09:40:47	1225.7885666855145	unknown
3603	5	576	2019-12-06 00:32:17	6437.2884833836	unknown
2703	4	433	2019-12-04 19:19:11	4684.1953334456775	unknown
2584	4	314	2019-12-03 22:35:08	3440.149400018854	unknown
2235	3	722	2019-12-07 02:05:41	7970.686233385932	unknown
3514	5	487	2019-12-05 04:30:30	5235.509066692321	unknown
2419	4	149	2019-12-02 17:19:23	1684.3855000287294	unknown
454	1	455	2019-12-04 23:03:35	4908.594416691922	unknown
1635	3	122	2019-12-02 12:29:11	1394.1905333753675	unknown
3220	5	193	2019-12-03 01:07:20	2152.3352667863946	unknown
2876	4	606	2019-12-06 05:28:41	6733.6870000488125	unknown
217	1	218	2019-12-03 05:32:55	2417.924033420859	unknown
2354	4	84	2019-12-02 05:06:50	951.8462667404674	unknown
2884	4	614	2019-12-06 06:47:44	6812.740200046683	unknown
3297	5	270	2019-12-03 14:56:14	2981.239250114886	unknown
1010	2	254	2019-12-03 12:04:59	2809.9991334287915	unknown
3398	5	371	2019-12-04 08:40:32	4045.5442167876754	unknown
262	1	263	2019-12-03 13:40:27	2905.4501333332155	unknown
582	1	583	2019-12-06 01:41:12	6506.213116720319	unknown
3470	5	443	2019-12-04 21:01:20	4786.339816655964	unknown
1066	2	310	2019-12-03 21:53:17	3398.2997667824384	unknown
542	1	543	2019-12-05 19:05:56	6110.940133379772	unknown
1917	3	404	2019-12-04 14:23:05	4388.092266671592	unknown
632	1	633	2019-12-06 10:06:43	7011.725366717437	unknown
1137	2	381	2019-12-04 10:28:13	4153.232633331791	unknown
2485	4	215	2019-12-03 05:01:12	2386.2069167022128	unknown
1321	2	565	2019-12-05 22:43:24	6328.400400053943	unknown
2915	4	645	2019-12-06 12:26:54	7151.902333383914	unknown
1611	3	98	2019-12-02 07:41:45	1106.7564000946004	unknown
3750	5	723	2019-12-07 02:16:24	7981.414316719165	unknown
3606	5	579	2019-12-06 01:01:56	6466.935050046304	unknown
107	1	108	2019-12-02 09:40:43	1225.7289334048983	unknown
1260	2	504	2019-12-05 07:23:51	5408.862050017342	unknown
3025	4	755	2019-12-07 07:55:42	8320.710983384633	unknown
1465	2	709	2019-12-06 23:47:45	7832.754000046989	unknown
1769	3	256	2019-12-03 12:26:17	2831.2939166394062	unknown
2892	4	622	2019-12-06 08:06:47	6891.79618338123	unknown
1868	3	355	2019-12-04 05:42:45	3867.7558834129013	unknown
150	1	151	2019-12-02 17:40:28	1705.4666834394448	unknown
1583	3	70	2019-12-02 02:31:48	796.8076166929677	unknown
1425	2	669	2019-12-06 16:43:33	7408.552283387398	unknown
3998	6	214	2019-12-03 04:50:42	2375.7004333497025	unknown
1978	3	465	2019-12-05 00:45:48	5010.800150020514	unknown
3411	5	384	2019-12-04 10:59:02	4184.047349996399	unknown
4020	6	236	2019-12-03 08:49:46	2614.775750065455	unknown
309	1	310	2019-12-03 21:53:14	3398.240650036605	unknown
268	1	269	2019-12-03 14:44:07	2969.1212333820295	unknown
1897	3	384	2019-12-04 10:58:55	4183.922083396465	unknown
3893	6	109	2019-12-02 09:52:19	1237.3255667486228	unknown
1026	2	270	2019-12-03 14:56:03	2981.050166732166	unknown
4035	6	251	2019-12-03 11:33:24	2778.4132833592594	unknown
2150	3	637	2019-12-06 11:01:57	7066.950700051384	unknown
537	1	538	2019-12-05 18:16:31	6061.528083386365	unknown
999	2	243	2019-12-03 10:08:15	2693.261366786901	unknown
1888	3	375	2019-12-04 09:28:08	4093.1447500758804	unknown
702	1	703	2019-12-06 22:44:03	7769.063466712832	unknown
534	1	535	2019-12-05 17:46:52	6031.881333380006	unknown
1890	3	377	2019-12-04 09:49:01	4114.029316753149	unknown
1747	3	234	2019-12-03 08:23:12	2588.2154000666924	unknown
1421	2	665	2019-12-06 16:01:08	7366.134750049096	unknown
4242	6	458	2019-12-04 23:34:31	4939.5295000844635	unknown
1032	2	276	2019-12-03 15:58:38	3043.636333340546	unknown
664	1	665	2019-12-06 16:01:04	7366.071866716957	unknown
3047	5	20	2019-12-01 17:18:29	243.49781663739122	unknown
143	1	144	2019-12-02 16:26:01	1631.0296000773087	unknown
3151	5	124	2019-12-02 12:51:53	1416.887416653335	unknown
2152	3	639	2019-12-06 11:21:58	7086.975283379434	unknown
782	2	26	2019-12-01 18:24:43	309.7212333173957	unknown
4201	6	417	2019-12-04 16:35:59	4520.98710000515	unknown
1387	2	631	2019-12-06 09:55:05	7000.095483380137	unknown
953	2	197	2019-12-03 01:49:41	2194.683333404828	unknown
3552	5	525	2019-12-05 16:08:18	5933.309483384946	unknown
4522	6	738	2019-12-07 04:55:33	8140.551816711668	unknown
2488	4	218	2019-12-03 05:33:06	2418.1092000030912	unknown
3307	5	280	2019-12-03 16:40:33	3085.5540833284613	unknown
4431	6	647	2019-12-06 12:47:03	7172.052716715261	unknown
2252	3	739	2019-12-07 05:05:58	8150.969916719478	unknown
2362	4	92	2019-12-02 06:35:24	1040.4001500515733	unknown
4121	6	337	2019-12-04 02:35:11	3680.1874833076727	unknown
3630	5	603	2019-12-06 04:59:06	6704.104533382924	unknown
4515	6	731	2019-12-07 03:41:19	8066.317283380777	unknown
3959	6	175	2019-12-02 21:55:59	1960.9916166728362	unknown
2791	4	521	2019-12-05 15:28:42	5893.716616714373	unknown
3825	6	41	2019-12-01 21:11:00	476.00510011659935	unknown
1042	2	286	2019-12-03 17:42:57	3147.954916753806	unknown
2683	4	413	2019-12-04 15:55:01	4480.03073332482	unknown
1797	3	284	2019-12-03 17:22:09	3127.1555167192128	unknown
2644	4	374	2019-12-04 09:11:46	4076.774983444484	unknown
4086	6	302	2019-12-03 20:30:06	3315.102266734466	unknown
768	2	12	2019-12-01 15:49:45	154.76028336561285	unknown
293	1	294	2019-12-03 19:06:20	3231.3419333298225	unknown
1687	3	174	2019-12-02 21:45:10	1950.1713167096023	unknown
3969	6	185	2019-12-02 23:42:19	2067.3255333595444	unknown
2815	4	545	2019-12-05 19:25:53	6130.8907667174935	unknown
3713	5	686	2019-12-06 19:44:01	7589.0286500472575	unknown
1132	2	376	2019-12-04 09:38:31	4103.521016685991	unknown
986	2	230	2019-12-03 07:40:35	2545.584466753062	unknown
1346	2	590	2019-12-06 02:50:26	6575.445533384336	unknown
3105	5	78	2019-12-02 04:00:29	885.4839167045429	unknown
352	1	353	2019-12-04 05:21:46	3846.768966719974	unknown
1947	3	434	2019-12-04 19:29:20	4694.343200067524	unknown
4262	6	478	2019-12-05 02:58:41	5143.694849997992	unknown
3293	5	266	2019-12-03 14:12:32	2937.538516750792	unknown
665	1	666	2019-12-06 16:11:40	7376.677666716278	unknown
3469	5	442	2019-12-04 20:51:07	4776.13178338157	unknown
596	1	597	2019-12-06 03:59:33	6644.560800053878	unknown
3572	5	545	2019-12-05 19:25:57	6130.9543167147785	unknown
3427	5	400	2019-12-04 13:42:23	4347.383983349428	unknown
1205	2	449	2019-12-04 22:02:24	4847.404566669138	unknown
40	1	41	2019-12-01 21:10:41	475.6938834255561	unknown
752	1	753	2019-12-07 07:34:18	8299.313666720409	unknown
2478	4	208	2019-12-03 03:46:46	2311.7720333801117	unknown
1301	2	545	2019-12-05 19:25:45	6130.764716713456	unknown
1083	2	327	2019-12-04 00:50:37	3575.628900001757	unknown
3498	5	471	2019-12-05 01:47:10	5072.171183429891	unknown
3907	6	123	2019-12-02 12:40:39	1405.6645000283606	unknown
1038	2	282	2019-12-03 17:01:13	3106.2290166690946	unknown
947	2	191	2019-12-03 00:45:52	2130.879033358069	unknown
86	1	87	2019-12-02 05:39:51	984.8617500986438	unknown
1422	2	666	2019-12-06 16:11:44	7376.738083380042	unknown
3080	5	53	2019-12-01 23:23:45	608.7666500627529	unknown
2213	3	700	2019-12-06 22:12:22	7737.373233377002	unknown
1989	3	476	2019-12-05 02:38:05	5123.0931000493	unknown
3027	4	757	2019-12-07 08:22:15	8347.252633378375	unknown
3507	5	480	2019-12-05 03:19:03	5164.051433333661	unknown
4342	6	558	2019-12-05 21:34:28	6259.479283386609	unknown
2766	4	496	2019-12-05 06:02:19	5327.319116732106	unknown
1416	2	660	2019-12-06 15:08:06	7313.109600049211	unknown
4167	6	383	2019-12-04 10:48:54	4173.902616676642	unknown
904	2	148	2019-12-02 17:08:37	1673.6222334264312	unknown
3458	5	431	2019-12-04 18:58:50	4663.840933438623	unknown
2953	4	683	2019-12-06 19:12:08	7557.149616710376	unknown
2725	4	455	2019-12-04 23:03:46	4908.77958341036	unknown
3509	5	482	2019-12-05 03:39:28	5184.470350085758	unknown
2618	4	348	2019-12-04 04:29:48	3794.800400059903	unknown
2727	4	457	2019-12-04 23:24:11	4929.197250095895	unknown
2776	4	506	2019-12-05 07:44:24	5429.4026001077145	unknown
3057	5	30	2019-12-01 19:09:11	354.18583339545876	unknown
3777	5	750	2019-12-07 07:02:45	8267.751050050138	unknown
3735	5	708	2019-12-06 23:37:20	7822.337133383844	unknown
259	1	260	2019-12-03 13:08:36	2873.611666657962	unknown
4446	6	662	2019-12-06 15:29:34	7334.570450051688	unknown
260	1	261	2019-12-03 13:19:13	2884.2241499992087	unknown
1516	3	3	2019-12-01 13:58:58	43.978683308232576	unknown
2305	4	35	2019-12-01 20:04:27	409.4660000188742	unknown
4509	6	725	2019-12-07 02:37:41	8002.688200052362	unknown
3633	5	606	2019-12-06 05:28:45	6733.7505500460975	unknown
1878	3	365	2019-12-04 07:27:03	3972.0654501090758	unknown
876	2	120	2019-12-02 12:02:06	1367.1104833460413	unknown
4152	6	368	2019-12-04 07:58:32	4003.5494666872546	unknown
3693	5	666	2019-12-06 16:11:55	7376.926116719842	unknown
762	2	6	2019-12-01 14:43:21	88.35210000397637	unknown
647	1	648	2019-12-06 12:56:45	7181.7544667143375	unknown
1588	3	75	2019-12-02 03:27:09	852.1513833641075	unknown
1469	2	713	2019-12-07 00:30:10	7875.17588338349	unknown
1541	3	28	2019-12-01 18:46:55	331.92278337548487	unknown
1354	2	598	2019-12-06 04:09:30	6654.503866711166	unknown
2183	3	670	2019-12-06 16:54:13	7419.219416716369	unknown
1162	2	406	2019-12-04 14:43:26	4408.446350020822	unknown
1891	3	378	2019-12-04 09:59:28	4124.47146667284	unknown
3495	5	468	2019-12-05 01:16:32	5041.547116704751	unknown
314	1	315	2019-12-03 22:45:23	3450.39650006569	unknown
2983	4	713	2019-12-07 00:30:18	7875.301150046289	unknown
1511	2	755	2019-12-07 07:55:35	8320.585716711357	unknown
3180	5	153	2019-12-02 18:01:59	1726.983833333943	unknown
1920	3	407	2019-12-04 14:53:43	4418.7176499841735	unknown
1347	2	591	2019-12-06 03:00:19	6585.328800044954	unknown
1553	3	40	2019-12-01 20:59:45	464.75051673478447	unknown
3845	6	61	2019-12-02 00:52:22	697.3711666592862	unknown
2060	3	547	2019-12-05 19:45:35	6150.591650049901	unknown
451	1	452	2019-12-04 22:32:58	4877.9690333793405	unknown
2339	4	69	2019-12-02 02:20:48	785.8000667521264	unknown
1307	2	551	2019-12-05 20:25:03	6190.054550052155	unknown
4270	6	486	2019-12-05 04:20:21	5225.364333362086	unknown
4222	6	438	2019-12-04 20:10:21	4735.360366705572	unknown
3794	6	10	2019-12-01 15:27:52	132.87723335903138	unknown
951	2	195	2019-12-03 01:28:24	2173.4133334597573	unknown
1756	3	243	2019-12-03 10:08:19	2693.3254333923105	unknown
2918	4	648	2019-12-06 12:56:56	7181.939883381128	unknown
1903	3	390	2019-12-04 12:00:10	4245.171466756146	unknown
3396	5	369	2019-12-04 08:08:54	4013.9156666840427	unknown
1864	3	351	2019-12-04 05:01:01	3826.02815006976	unknown
3422	5	395	2019-12-04 12:51:20	4296.3410666864365	unknown
1442	2	686	2019-12-06 19:43:50	7588.840100046946	unknown
159	1	160	2019-12-02 19:16:10	1801.1701833154075	unknown
1080	2	324	2019-12-04 00:19:20	3544.3357833637856	unknown
3813	6	29	2019-12-01 18:58:10	343.1787667237222	unknown
2896	4	626	2019-12-06 09:09:25	6954.4267667108215	unknown
3585	5	558	2019-12-05 21:34:25	6259.4167833798565	unknown
3063	5	36	2019-12-01 20:15:35	420.59976666932926	unknown
1510	2	754	2019-12-07 07:44:58	8309.98081671889	unknown
2096	3	583	2019-12-06 01:41:20	6506.336816711118	unknown
807	2	51	2019-12-01 23:01:26	586.4351333782542	unknown
4218	6	434	2019-12-04 19:29:31	4694.530200044392	unknown
2691	4	421	2019-12-04 17:16:41	4561.695283394074	unknown
4526	6	742	2019-12-07 05:37:58	8182.971350045409	unknown
2591	4	321	2019-12-03 23:48:10	3513.1683667644393	unknown
4466	6	682	2019-12-06 19:01:40	7546.670766711468	unknown
663	1	664	2019-12-06 15:50:28	7355.467483385	unknown
642	1	643	2019-12-06 12:06:41	7131.6899833863135	unknown
1534	3	21	2019-12-01 17:29:26	254.44128340808675	unknown
3106	5	79	2019-12-02 04:11:33	896.5572333103046	unknown
36	1	37	2019-12-01 20:26:25	431.4182333741337	unknown
912	2	156	2019-12-02 18:33:41	1758.6921166582033	unknown
477	1	478	2019-12-05 02:58:23	5143.384683360346	unknown
4357	6	573	2019-12-06 00:02:42	6407.705116710858	unknown
2259	3	746	2019-12-07 06:20:12	8225.204950051848	unknown
2025	3	512	2019-12-05 08:43:50	5488.842100028414	unknown
3692	5	665	2019-12-06 16:01:19	7366.323033379158	unknown
3189	5	162	2019-12-02 19:37:41	1822.6873167813756	unknown
2001	3	488	2019-12-05 04:40:35	5245.593650060473	unknown
2669	4	399	2019-12-04 13:32:06	4337.112399983453	unknown
1748	3	235	2019-12-03 08:33:44	2598.7388001114596	unknown
3284	5	257	2019-12-03 12:37:01	2842.0287834259216	unknown
1686	3	173	2019-12-02 21:34:32	1939.5356667833403	unknown
2982	4	712	2019-12-07 00:19:41	7864.695733382832	unknown
342	1	343	2019-12-04 03:37:27	3742.460050029913	unknown
4414	6	630	2019-12-06 09:44:39	6989.656733380398	unknown
4041	6	257	2019-12-03 12:37:05	2842.092066669138	unknown
2870	4	600	2019-12-06 04:29:23	6674.395383386873	unknown
3131	5	104	2019-12-02 08:48:17	1173.2942833914421	unknown
138	1	139	2019-12-02 15:32:51	1577.8555833594874	unknown
2781	4	511	2019-12-05 08:34:01	5479.0195000323	unknown
2232	3	719	2019-12-07 01:33:52	7938.869266711408	unknown
2278	4	8	2019-12-01 15:05:36	110.61641678097658	unknown
1373	2	617	2019-12-06 07:17:15	6842.259916715557	unknown
1647	3	134	2019-12-02 14:39:48	1524.80723342509	unknown
3343	5	316	2019-12-03 22:56:04	3461.0787666693795	unknown
911	2	155	2019-12-02 18:23:03	1748.058283436112	unknown
3337	5	310	2019-12-03 21:53:29	3398.489366689464	unknown
3082	5	55	2019-12-01 23:45:53	630.89996673516	unknown
1763	3	250	2019-12-03 11:22:36	2767.6135667518247	unknown
2052	3	539	2019-12-05 18:26:32	6071.53400004725	unknown
3853	6	69	2019-12-02 02:20:55	785.9253333625384	unknown
2544	4	274	2019-12-03 15:37:53	3022.899700035341	unknown
4498	6	714	2019-12-07 00:41:01	7886.031850052532	unknown
3247	5	220	2019-12-03 05:54:26	2439.4357166381087	unknown
2439	4	169	2019-12-02 20:52:03	1897.0602000458166	unknown
4015	6	231	2019-12-03 07:51:28	2556.468566787662	unknown
4168	6	384	2019-12-04 10:59:06	4184.109600044321	unknown
1322	2	566	2019-12-05 22:53:16	6338.282350053778	unknown
2565	4	295	2019-12-03 19:16:57	3241.957416763762	unknown
3536	5	509	2019-12-05 08:14:18	5459.310783360852	unknown
3672	5	645	2019-12-06 12:26:57	7151.965883381199	unknown
704	1	705	2019-12-06 23:05:16	7790.272666710662	unknown
1559	3	46	2019-12-01 22:06:09	531.1613167170435	unknown
3016	4	746	2019-12-07 06:20:15	8225.266166715883	unknown
471	1	472	2019-12-05 01:57:07	5082.130250061164	unknown
858	2	102	2019-12-02 08:25:58	1150.968766756123	unknown
3135	5	108	2019-12-02 09:40:58	1225.9779000480194	unknown
1139	2	383	2019-12-04 10:48:39	4173.650000060443	unknown
2116	3	603	2019-12-06 04:58:58	6703.979266720125	unknown
275	1	276	2019-12-03 15:58:34	3043.57670005993	unknown
2651	4	381	2019-12-04 10:28:21	4153.358683440601	unknown
48	1	49	2019-12-01 22:39:14	564.239566657925	unknown
1969	3	456	2019-12-04 23:13:55	4918.9274999988265	unknown
220	1	221	2019-12-03 06:04:49	2449.8226667486597	unknown
2834	4	564	2019-12-05 22:33:38	6318.644483378157	unknown
506	1	507	2019-12-05 07:54:25	5439.424933438422	unknown
1474	2	718	2019-12-07 01:23:12	7928.201350051677	unknown
3565	5	538	2019-12-05 18:16:46	6061.777316720691	unknown
3325	5	298	2019-12-03 19:48:18	3273.3132999844383	unknown
3488	5	461	2019-12-05 00:05:05	4970.09106677142	unknown
2029	3	516	2019-12-05 09:37:10	5542.168083406286	unknown
4333	6	549	2019-12-05 20:05:32	6170.542466710322	unknown
3261	5	234	2019-12-03 08:23:20	2588.3398833149113	unknown
3612	5	585	2019-12-06 02:01:13	6526.227183379233	unknown
2100	3	587	2019-12-06 02:20:51	6545.8640000538435	unknown
390	1	391	2019-12-04 12:10:15	4255.259199980646	unknown
3632	5	605	2019-12-06 05:18:52	6723.8696333777625	unknown
34	1	35	2019-12-01 20:04:16	409.2810999811627	unknown
4185	6	401	2019-12-04 13:52:39	4357.654500097269	unknown
269	1	270	2019-12-03 14:55:59	2980.990266770823	unknown
2008	3	495	2019-12-05 05:52:03	5317.051983412821	unknown
538	1	539	2019-12-05 18:26:24	6071.410033386201	unknown
4146	6	362	2019-12-04 06:55:57	3940.954266671324	unknown
4471	6	687	2019-12-06 19:54:41	7599.694766714238	unknown
922	2	166	2019-12-02 20:20:01	1865.0332000816707	unknown
2756	4	486	2019-12-05 04:20:14	5225.238533379743	unknown
1880	3	367	2019-12-04 07:47:55	3992.928916749079	unknown
2841	4	571	2019-12-05 23:42:48	6387.816550045973	unknown
4151	6	367	2019-12-04 07:48:06	3993.115916736424	unknown
2421	4	151	2019-12-02 17:40:39	1705.652366692666	unknown
